"country_code","country","region","income_class","year","uct_pq","uct_total","cct_pq","cct_total","poverty_gap_reduction"
"ALB","Albania","ECS","Upper middle income",2008,16.773752125691,7.12718444707474,NA,NA,65.2515456709927
"ALB","Albania","ECS","Upper middle income",2012,16.58624043252,9.81706336251233,NA,NA,60.9562043897726
"AGO","Angola","SSF","Lower middle income",2018,NA,NA,NA,NA,0.359353759473628
"ARG","Argentina","LCN","Upper middle income",2006,NA,NA,NA,NA,39.0661600124625
"ARG","Argentina","LCN","Upper middle income",2010,NA,NA,18.6823455568085,7.14477474463668,49.1122781068093
"ARG","Argentina","LCN","Upper middle income",2011,NA,NA,18.1781581106268,11.6332083107771,47.4272623679762
"ARG","Argentina","LCN","Upper middle income",2012,NA,NA,17.1252539828425,10.9067171784047,49.9080874176091
"ARG","Argentina","LCN","Upper middle income",2013,NA,NA,43.6117269822526,18.2215699611284,54.7785302638853
"ARG","Argentina","LCN","Upper middle income",2014,NA,NA,34.1625797483571,12.1290259400672,47.2909695346161
"ARG","Argentina","LCN","Upper middle income",2016,51.7597617436495,20.8827177170481,NA,NA,49.8644142709959
"ARG","Argentina","LCN","Upper middle income",2017,51.6698072157985,20.7453008882938,NA,NA,50.656588192099
"ARG","Argentina","LCN","Upper middle income",2018,55.9621858810878,21.511817853021,NA,NA,48.5208196180003
"ARG","Argentina","LCN","Upper middle income",2019,60.1450949019094,22.9296700892689,NA,NA,50.3172357425239
"ARG","Argentina","LCN","Upper middle income",2020,64.4160809074792,36.2458507117488,NA,NA,56.6467977933216
"ARG","Argentina","LCN","Upper middle income",2021,54.3570266961748,23.5048977083009,NA,NA,49.2937882226622
"ARG","Argentina","LCN","Upper middle income",2022,59.7143636023325,26.3372311263578,NA,NA,51.2583797586966
"ARM","Armenia","ECS","Upper middle income",2008,28.2179939629587,15.57390508558,NA,NA,72.3036470340143
"ARM","Armenia","ECS","Upper middle income",2009,23.403765231384,12.620371136566,NA,NA,76.4449209494211
"ARM","Armenia","ECS","Upper middle income",2010,24.3842612980008,14.1609781445004,NA,NA,77.1620588322674
"ARM","Armenia","ECS","Upper middle income",2011,20.1032397289934,11.1709482966463,NA,NA,75.2183683396535
"ARM","Armenia","ECS","Upper middle income",2012,24.7946071271742,14.5166799296808,NA,NA,76.9949079643955
"ARM","Armenia","ECS","Upper middle income",2013,22.3113070765209,12.8589816805011,NA,NA,73.7817012426456
"ARM","Armenia","ECS","Upper middle income",2014,25.3402253322611,14.2965148198392,NA,NA,74.9869440378824
"ARM","Armenia","ECS","Upper middle income",2015,27.119795980914,15.0989691888784,NA,NA,74.7258916420435
"ARM","Armenia","ECS","Upper middle income",2016,24.509271328518,14.6520691858937,NA,NA,74.6574792566047
"ARM","Armenia","ECS","Upper middle income",2017,28.8500392962852,14.1607243919746,NA,NA,77.7334489348869
"ARM","Armenia","ECS","Upper middle income",2018,27.0181347252199,13.6810369731319,NA,NA,76.3028535140069
"ARM","Armenia","ECS","Upper middle income",2019,32.8543254868112,16.2067054648104,NA,NA,76.6922934926793
"ARM","Armenia","ECS","Upper middle income",2020,28.5928884377557,14.895250541879,NA,NA,82.3671749892493
"ARM","Armenia","ECS","Upper middle income",2021,36.9882768542351,17.8745047477486,NA,NA,77.8529363708651
"ARM","Armenia","ECS","Upper middle income",2022,34.3686554189756,19.0798380474389,NA,NA,80.178286897337
"AZE","Azerbaijan","ECS","Upper middle income",2015,18.8852644699579,11.2869690150681,NA,NA,16.0898475348403
"BGD","Bangladesh","SAS","Lower middle income",2005,NA,NA,0.83122691917218,1.06487684764261,31.9296770782834
"BGD","Bangladesh","SAS","Lower middle income",2010,NA,NA,14.5821342779829,8.22288227000021,9.89770337063984
"BGD","Bangladesh","SAS","Lower middle income",2016,2.42540569712474,1.35464980843458,20.9480064599059,13.3246976003475,8.29436259112346
"BGD","Bangladesh","SAS","Lower middle income",2022,2.11744923683308,1.53494125163722,23.6295854205224,18.0690719654122,9.00798958381459
"BLR","Belarus","ECS","Upper middle income",2008,44.248232080373,28.6879828076367,NA,NA,79.9267646084305
"BLR","Belarus","ECS","Upper middle income",2009,44.2529975371982,27.4887361156443,NA,NA,79.0396462018518
"BLR","Belarus","ECS","Upper middle income",2010,42.9012102066564,26.9997174107401,NA,NA,80.9123182339479
"BLR","Belarus","ECS","Upper middle income",2012,42.6448296163349,27.7179371842349,NA,NA,83.3092647528446
"BLR","Belarus","ECS","Upper middle income",2013,40.0032976985736,28.6211504507608,NA,NA,84.5515175015817
"BLR","Belarus","ECS","Upper middle income",2014,40.3052565479944,28.5051838527677,NA,NA,85.4732011528855
"BLR","Belarus","ECS","Upper middle income",2015,38.5726045502215,27.3099426781508,NA,NA,86.0868555177553
"BLR","Belarus","ECS","Upper middle income",2016,37.5136020363929,26.8477770527463,NA,NA,89.8527678224654
"BLR","Belarus","ECS","Upper middle income",2017,37.1435435682988,27.2391414884758,NA,NA,87.9685175133676
"BLR","Belarus","ECS","Upper middle income",2018,30.0437699835882,22.6186095167155,NA,NA,86.2325249968718
"BLR","Belarus","ECS","Upper middle income",2019,35.8175367817062,21.8650488332186,NA,NA,86.5709256726675
"BLZ","Belize","LCN","Upper middle income",2009,NA,NA,NA,NA,28.0957298292348
"BEN","Benin","SSF","Lower middle income",2003,NA,NA,NA,NA,17.4965672637891
"BEN","Benin","SSF","Lower middle income",2018,NA,NA,NA,NA,2.33085240113986
"BEN","Benin","SSF","Lower middle income",2021,NA,NA,NA,NA,2.06885005881658
"BTN","Bhutan","SAS","Lower middle income",2007,NA,NA,NA,NA,0.186308916647369
"BTN","Bhutan","SAS","Lower middle income",2012,NA,NA,NA,NA,2.17676339610391
"BTN","Bhutan","SAS","Lower middle income",2022,NA,NA,NA,NA,1.84841601717682
"BOL","Bolivia","LCN","Lower middle income",2006,NA,NA,NA,NA,10.3205462058927
"BOL","Bolivia","LCN","Lower middle income",2007,NA,NA,67.7700510357061,44.6981208878881,14.5898068376149
"BOL","Bolivia","LCN","Lower middle income",2008,12.7235574652467,17.8197932023528,71.6675141032881,50.3368013704885,37.1664446907475
"BOL","Bolivia","LCN","Lower middle income",2009,12.601616016908,18.5800009298154,74.9904066214974,53.4819373538379,36.3918581415897
"BOL","Bolivia","LCN","Lower middle income",2011,NA,NA,74.9619216713539,55.2641373951582,33.2285543123235
"BOL","Bolivia","LCN","Lower middle income",2012,NA,NA,70.6778214468466,53.6364679185243,30.5681790841477
"BOL","Bolivia","LCN","Lower middle income",2014,NA,NA,76.7344874037361,61.002932332084,18.3555300476733
"BOL","Bolivia","LCN","Lower middle income",2015,NA,NA,73.124320565977,58.4345609710942,19.3024572347514
"BOL","Bolivia","LCN","Lower middle income",2016,NA,NA,75.8734386652926,59.2847068921544,17.6181904003192
"BOL","Bolivia","LCN","Lower middle income",2017,NA,NA,73.6579337572598,57.6682512790673,23.5187520301814
"BOL","Bolivia","LCN","Lower middle income",2018,NA,NA,74.5535607880317,57.3269785122301,23.372918967701
"BOL","Bolivia","LCN","Lower middle income",2019,NA,NA,76.3460258650974,57.1116802180604,23.0336198569715
"BOL","Bolivia","LCN","Lower middle income",2020,99.3092167003928,96.0328260564556,73.1899805852141,54.143374488663,33.5615519704561
"BOL","Bolivia","LCN","Lower middle income",2021,83.7620787397329,81.7121360836046,77.1863909214389,56.9697834807716,31.155835469662
"BIH","Bosnia and Herzegovina","ECS","Upper middle income",2007,11.4960038687114,6.66975561898017,NA,NA,47.5432623080796
"BIH","Bosnia and Herzegovina","ECS","Upper middle income",2015,11.9641605729252,5.12097220524563,NA,NA,62.1710692396267
"BWA","Botswana","SSF","Upper middle income",2009,32.5465728816172,21.4092194595951,NA,NA,38.3603466256319
"BWA","Botswana","SSF","Upper middle income",2015,NA,NA,NA,NA,40.3084467714111
"BRA","Brazil","LCN","Upper middle income",2006,NA,NA,55.4591038736885,21.6810699529237,44.7449864859768
"BRA","Brazil","LCN","Upper middle income",2009,NA,NA,21.4035002621647,15.4997795674668,50.8201207124861
"BRA","Brazil","LCN","Upper middle income",2011,NA,NA,23.1983597987756,16.6056880649611,52.2605538677772
"BRA","Brazil","LCN","Upper middle income",2012,NA,NA,23.3109247424155,17.2451713472132,53.8393868792273
"BRA","Brazil","LCN","Upper middle income",2015,NA,NA,56.4688794497088,20.5254129423511,57.431411755663
"BRA","Brazil","LCN","Upper middle income",2016,NA,NA,59.9022710912402,19.7093509796793,51.4184490338074
"BRA","Brazil","LCN","Upper middle income",2017,NA,NA,57.8672663796432,18.686986076148,51.1039497675334
"BRA","Brazil","LCN","Upper middle income",2018,NA,NA,59.1697881690725,18.6491822441849,51.5417033600716
"BRA","Brazil","LCN","Upper middle income",2019,NA,NA,58.2751221045186,18.2692047055622,50.2366833000783
"BRA","Brazil","LCN","Upper middle income",2020,62.9821050712837,45.8086206836086,20.5076280869976,5.9483396635879,69.863111556305
"BRA","Brazil","LCN","Upper middle income",2021,32.8733077922864,17.8674365740435,34.3848988914422,11.5311459041121,48.4865648358831
"BRA","Brazil","LCN","Upper middle income",2022,5.33842387461325,3.53365894562196,60.2751894624303,22.7314990513269,57.7082938476416
"BGR","Bulgaria","ECS","High income",2007,40.8606556584602,24.2466425697588,NA,NA,72.2318810076998
"BFA","Burkina Faso","SSF","Low income",2003,1.43537087985739,3.77712804494214,NA,NA,19.0601645300491
"BFA","Burkina Faso","SSF","Low income",2014,1.41688246391354,0.925884781291515,NA,NA,1.38911042533868
"BFA","Burkina Faso","SSF","Low income",2018,NA,NA,NA,NA,0.446422948917748
"BFA","Burkina Faso","SSF","Low income",2021,5.11192839348267,3.03345742121089,NA,NA,0.394790243269089
"BDI","Burundi","SSF","Low income",2019,NA,NA,NA,NA,0.12455037743776
"CPV","Cabo Verde","SSF","Lower middle income",2007,NA,NA,NA,NA,28.3088838310807
"KHM","Cambodia","EAS","Lower middle income",2008,NA,NA,NA,NA,0.909785106328993
"KHM","Cambodia","EAS","Lower middle income",2013,NA,NA,NA,NA,1.39588763175927
"CMR","Cameroon","SSF","Lower middle income",2007,NA,NA,NA,NA,7.86192649498284
"CMR","Cameroon","SSF","Lower middle income",2014,NA,NA,NA,NA,0.424781780479136
"CMR","Cameroon","SSF","Lower middle income",2021,5.66854535415329,2.49595697237177,NA,NA,0.323127301146868
"TCD","Chad","SSF","Low income",2011,NA,NA,NA,NA,4.69890774644373
"TCD","Chad","SSF","Low income",2018,NA,NA,NA,NA,0.994475301296513
"TCD","Chad","SSF","Low income",2022,2.10041533033769,2.12142762405454,NA,NA,1.04683830597743
"CHL","Chile","LCN","High income",2006,25.6441260951587,26.3538608482712,26.40405721992,10.0691248076915,44.2587027389754
"CHL","Chile","LCN","High income",2009,63.5102240491799,44.6837939572455,26.4220662330101,12.1722011956025,50.8041073128353
"CHL","Chile","LCN","High income",2011,21.062525674401,20.2946439164761,40.7905245950221,17.5573638093219,45.5587573717631
"CHL","Chile","LCN","High income",2013,49.3515732191706,33.2032717772165,43.4533910988771,19.8603220378131,43.525219081357
"CHL","Chile","LCN","High income",2015,53.0226201138652,34.8012302782545,41.4285761499567,18.8067178071032,25.2599730695721
"CHL","Chile","LCN","High income",2017,57.2956101800167,34.7905476523232,37.4875618060628,16.8743723761231,47.281468497631
"CHL","Chile","LCN","High income",2020,76.5999453640026,53.629606457214,25.099616495195,12.0574765051006,56.6939276160793
"CHL","Chile","LCN","High income",2022,53.1004226055544,31.0727720547019,29.1692167544171,12.3138606642022,62.3575876619113
"CHN","China","EAS","Upper middle income",2013,15.0557479979927,11.6840165373011,NA,NA,61.9862503474575
"COL","Colombia","LCN","Upper middle income",2010,1.36902170689591,0.925977572853212,41.9416576114021,22.0906735829547,16.0696915765597
"COL","Colombia","LCN","Upper middle income",2011,2.63506398602665,1.31363903103104,37.7663786631963,20.3549671155072,14.1294291011019
"COL","Colombia","LCN","Upper middle income",2012,1.41705696192218,0.851885774849448,33.9444319506506,18.1989676633522,12.9865295365643
"COL","Colombia","LCN","Upper middle income",2014,0.738980873641408,0.835709763420218,40.7575565933215,21.8114034838868,16.6231890753781
"COL","Colombia","LCN","Upper middle income",2015,NA,NA,52.5813781995581,26.3535106194365,20.7900788372568
"COL","Colombia","LCN","Upper middle income",2016,2.86518322951017,1.59314481842035,40.4543144592853,17.878371628531,19.6529345343175
"COL","Colombia","LCN","Upper middle income",2017,3.90488501809798,2.08533048272384,38.4130944357754,16.9160967498152,11.4823786510279
"COL","Colombia","LCN","Upper middle income",2018,3.36822062147589,1.96106055267106,36.2436706429588,15.5551498017466,11.6340006597448
"COL","Colombia","LCN","Upper middle income",2019,2.82216837223611,1.59306996387309,33.5927571494493,14.6150374983091,11.0176748659543
"COL","Colombia","LCN","Upper middle income",2020,9.27546548566823,6.65862343928444,20.6281046514226,11.4392505151917,23.2821414425927
"COL","Colombia","LCN","Upper middle income",2021,24.4928779592645,16.4184663816765,28.4676597911892,13.5806127851054,14.1072725239303
"COL","Colombia","LCN","Upper middle income",2022,31.6600474454001,19.225974329197,25.1736845942831,11.3094566980421,9.18214381616428
"COM","Comoros","SSF","Lower middle income",2004,NA,NA,NA,NA,0.848629444536919
"COM","Comoros","SSF","Lower middle income",2020,NA,NA,NA,NA,0.91328408441515
"COD","Congo, Dem. Rep.","SSF","Low income",2004,NA,NA,NA,NA,1.74529610930677
"COD","Congo, Dem. Rep.","SSF","Low income",2012,NA,NA,NA,NA,20.9098234267733
"COG","Congo, Rep.","SSF","Lower middle income",2005,NA,NA,NA,NA,29.9230354533724
"CRI","Costa Rica","LCN","Upper middle income",2008,4.48412252808889,1.40747196746979,8.87104622524046,4.82806699841422,34.4410539999186
"CRI","Costa Rica","LCN","Upper middle income",2010,24.6269266259597,12.9641603210571,20.5664975695042,11.3803977231964,28.3261766098472
"CRI","Costa Rica","LCN","Upper middle income",2011,25.9214277998016,13.0888686007154,21.6127564432019,11.4165926225917,27.3741115755915
"CRI","Costa Rica","LCN","Upper middle income",2012,26.1368767820818,12.2004188202513,21.4930350976032,10.288981673389,27.0697967683094
"CRI","Costa Rica","LCN","Upper middle income",2014,6.78666220445758,2.71565582555062,22.0039528437111,10.5577852627895,27.9400845207373
"CRI","Costa Rica","LCN","Upper middle income",2015,10.380049825569,3.80714782096511,21.6660190866421,10.064866149183,27.9038220084552
"CRI","Costa Rica","LCN","Upper middle income",2016,14.8922490381396,5.13610598707778,19.7131571001013,9.86310632330931,33.6998447129777
"CRI","Costa Rica","LCN","Upper middle income",2017,15.3827110891961,5.17835417367306,22.2819811977363,10.602812725785,40.8990971641861
"CRI","Costa Rica","LCN","Upper middle income",2018,12.4446362527789,5.01259521171215,24.815805452821,11.4096702244218,39.0301108941516
"CRI","Costa Rica","LCN","Upper middle income",2019,11.3026635631269,4.45895059752317,43.1533524874766,18.2338670529042,42.5192044413113
"CRI","Costa Rica","LCN","Upper middle income",2020,39.1806372058136,26.8720598911534,37.7216338167552,17.6093010801029,59.1205005509415
"CRI","Costa Rica","LCN","Upper middle income",2021,8.48711747338006,3.63560463158835,36.9388743845641,15.3214433764345,44.5573725003641
"CRI","Costa Rica","LCN","Upper middle income",2022,9.80125295794575,3.48059823346696,42.9697486971583,16.5435177600801,44.1172616652102
"HRV","Croatia","ECS","High income",2008,43.1552350540953,20.3753129725537,NA,NA,75.3036218546011
"HRV","Croatia","ECS","High income",2010,44.2603866824655,21.1396290333066,NA,NA,79.4253421519829
"HRV","Croatia","ECS","High income",2011,43.3056640625,18.6941318511963,NA,NA,79.6413955688477
"HRV","Croatia","ECS","High income",2014,55.0544357299805,25.1015357971191,NA,NA,79.5867080688477
"CIV","Côte d’Ivoire","SSF","Lower middle income",2002,NA,NA,NA,NA,14.26837458815
"CIV","Côte d’Ivoire","SSF","Lower middle income",2008,NA,NA,NA,NA,11.8787612795566
"CIV","Côte d’Ivoire","SSF","Lower middle income",2015,NA,NA,NA,NA,18.4982182963823
"CIV","Côte d’Ivoire","SSF","Lower middle income",2018,0.254526636103855,0.439527967117353,NA,NA,0.660774844864071
"CIV","Côte d’Ivoire","SSF","Lower middle income",2021,1.91936466917922,1.81612690268483,NA,NA,5.18889434178443
"DJI","Djibouti","MEA","Lower middle income",2012,5.78034030250827,2.06431568366397,NA,NA,17.6982634820462
"DMA","Dominica","LCN","Upper middle income",2002,NA,NA,NA,NA,13.4800218448008
"DOM","Dominican Republic","LCN","Upper middle income",2007,NA,NA,16.0280341957463,7.82537965492919,8.62655769410967
"DOM","Dominican Republic","LCN","Upper middle income",2008,NA,NA,30.4149172440571,17.0518051947684,13.2522485809548
"DOM","Dominican Republic","LCN","Upper middle income",2009,NA,NA,35.2216905669836,23.7461626936187,14.1574896859453
"DOM","Dominican Republic","LCN","Upper middle income",2010,NA,NA,38.8437548335128,26.8893801160353,18.348229345014
"DOM","Dominican Republic","LCN","Upper middle income",2011,NA,NA,35.568035402766,24.8122302448469,15.0754845624112
"DOM","Dominican Republic","LCN","Upper middle income",2012,NA,NA,40.1006844993442,30.2987336670394,16.3167573575648
"DOM","Dominican Republic","LCN","Upper middle income",2013,NA,NA,34.0965942551109,27.1713663906607,17.0356098383095
"DOM","Dominican Republic","LCN","Upper middle income",2014,NA,NA,38.8153048316991,28.1445881540365,17.4957161244023
"DOM","Dominican Republic","LCN","Upper middle income",2015,NA,NA,40.0735378651026,26.2119350675705,16.8148325417198
"DOM","Dominican Republic","LCN","Upper middle income",2016,NA,NA,37.8022089079608,27.0227898534606,17.3077184052733
"DOM","Dominican Republic","LCN","Upper middle income",2017,NA,NA,38.4665111954547,28.5666386368352,22.4838634293408
"DOM","Dominican Republic","LCN","Upper middle income",2018,NA,NA,36.5923769228709,27.8433998118879,22.8498986500347
"DOM","Dominican Republic","LCN","Upper middle income",2019,NA,NA,31.2769444921742,26.2883196387253,14.9794476603565
"DOM","Dominican Republic","LCN","Upper middle income",2021,NA,NA,40.2226980850112,33.9755131642006,26.9818116227404
"ECU","Ecuador","LCN","Upper middle income",2008,NA,NA,57.1651592840046,34.0201443307251,28.1403794713317
"ECU","Ecuador","LCN","Upper middle income",2010,NA,NA,52.3697173223647,32.4210705834088,32.105269327249
"ECU","Ecuador","LCN","Upper middle income",2011,NA,NA,52.9081577279777,29.4509018490679,31.8959638591543
"ECU","Ecuador","LCN","Upper middle income",2012,NA,NA,63.5005610164891,35.8267105938845,34.6134197919513
"ECU","Ecuador","LCN","Upper middle income",2014,NA,NA,36.7376307649262,20.298206448935,20.4697548772952
"ECU","Ecuador","LCN","Upper middle income",2015,NA,NA,38.0473191533333,19.6272316617446,20.9458828189762
"ECU","Ecuador","LCN","Upper middle income",2016,NA,NA,36.7086991214614,17.9180825134229,31.7863194870111
"ECU","Ecuador","LCN","Upper middle income",2017,NA,NA,41.3415000900441,19.5453818078685,21.0629891787001
"ECU","Ecuador","LCN","Upper middle income",2018,NA,NA,44.5873673023696,19.5112575991924,23.53497628567
"ECU","Ecuador","LCN","Upper middle income",2019,NA,NA,44.9569554645397,20.2222686078675,25.7916044332483
"ECU","Ecuador","LCN","Upper middle income",2020,16.1659300160477,11.9659290850755,43.3796472936842,25.1759928582691,24.507165715934
"ECU","Ecuador","LCN","Upper middle income",2021,NA,NA,63.4700590056177,32.5916128718029,30.2304663468743
"ECU","Ecuador","LCN","Upper middle income",2022,NA,NA,56.2171283080094,27.3638874928207,31.3954980170477
"EGY","Egypt, Arab Rep.","MEA","Lower middle income",2008,8.63156265814464,5.51805535793874,NA,NA,52.1329573851592
"SLV","El Salvador","LCN","Upper middle income",2007,NA,NA,NA,NA,4.06592491893603
"SLV","El Salvador","LCN","Upper middle income",2008,7.34781950333131,2.34122270636004,NA,NA,7.76075764750699
"SLV","El Salvador","LCN","Upper middle income",2009,16.4126452158455,5.7707481119688,NA,NA,7.87992342666894
"SLV","El Salvador","LCN","Upper middle income",2010,16.9011409004785,6.64580030177706,NA,NA,7.55725649158061
"SLV","El Salvador","LCN","Upper middle income",2011,16.7228831542864,7.05451502633226,NA,NA,9.19068965621526
"SLV","El Salvador","LCN","Upper middle income",2012,16.3085653603958,6.62995370015232,16.498847973322,6.32114391740175,5.97074712945517
"SLV","El Salvador","LCN","Upper middle income",2014,12.2375164291027,5.41130167597065,NA,NA,7.85539137134857
"SLV","El Salvador","LCN","Upper middle income",2015,NA,NA,11.9381314060671,4.29462501714134,5.39067505325107
"SLV","El Salvador","LCN","Upper middle income",2016,NA,NA,13.4463106020552,4.58956666932677,4.36269279219817
"SLV","El Salvador","LCN","Upper middle income",2017,NA,NA,10.5549124952404,3.74198879206093,5.51837493010893
"SLV","El Salvador","LCN","Upper middle income",2018,NA,NA,5.93194228812097,2.06249398493851,5.22103753732995
"SLV","El Salvador","LCN","Upper middle income",2019,NA,NA,3.71334590732572,1.19113699058841,5.32002826469369
"SLV","El Salvador","LCN","Upper middle income",2021,23.419165373777,23.4087733986227,NA,NA,16.2715917007188
"SLV","El Salvador","LCN","Upper middle income",2022,26.7006187808411,30.1673572645678,NA,NA,16.2156713431239
"SWZ","Eswatini","SSF","Lower middle income",2009,4.01164444128796,2.58198498542908,NA,NA,27.7491193455985
"SWZ","Eswatini","SSF","Lower middle income",2016,NA,NA,NA,NA,33.2405263636872
"ETH","Ethiopia","SSF","Low income",2015,3.17889131315151,2.85291906849352,NA,NA,12.2621024248647
"ETH","Ethiopia","SSF","Low income",2018,3.47001567627809,3.69699381838635,NA,NA,9.41972349409394
"FJI","Fiji","EAS","Upper middle income",2008,7.10812265800971,6.39638450585616,NA,NA,25.6115162434532
"FJI","Fiji","EAS","Upper middle income",2013,9.46201105105581,6.12163909893395,NA,NA,20.6184706095345
"GAB","Gabon","SSF","Upper middle income",2005,NA,NA,NA,NA,20.4507741467357
"GAB","Gabon","SSF","Upper middle income",2017,4.54266137049614,5.78041770483043,NA,NA,8.66181295254612
"GMB","Gambia, The","SSF","Low income",1998,NA,NA,NA,NA,1.98787681678357
"GMB","Gambia, The","SSF","Low income",2010,NA,NA,NA,NA,0.869486283725482
"GMB","Gambia, The","SSF","Low income",2015,NA,NA,NA,NA,5.07401028548406
"GEO","Georgia","ECS","Upper middle income",2011,34.6125453206503,17.3556911058496,NA,NA,68.4493667434459
"GEO","Georgia","ECS","Upper middle income",2012,31.511461740421,16.4220811564854,NA,NA,65.007547023422
"GEO","Georgia","ECS","Upper middle income",2013,34.6676627497819,16.3519863665431,NA,NA,68.1035821322199
"GEO","Georgia","ECS","Upper middle income",2014,29.7725201091925,13.9004765757184,NA,NA,71.5354063934288
"GEO","Georgia","ECS","Upper middle income",2015,29.1152116302066,13.5018688371199,NA,NA,71.7071838398426
"GEO","Georgia","ECS","Upper middle income",2016,29.116541661241,13.6059847900273,NA,NA,73.8087038213326
"GEO","Georgia","ECS","Upper middle income",2017,34.201133659615,15.6290389941769,NA,NA,70.077894830396
"GEO","Georgia","ECS","Upper middle income",2018,38.7440959014082,15.2368958604305,NA,NA,70.0616876157336
"GEO","Georgia","ECS","Upper middle income",2019,35.6264430379446,14.8592813949318,NA,NA,73.2162336810706
"GEO","Georgia","ECS","Upper middle income",2020,30.8939059298978,14.0894013298823,NA,NA,75.0235417897688
"GEO","Georgia","ECS","Upper middle income",2021,33.0684358103998,15.1390716537531,NA,NA,75.2523664502448
"GHA","Ghana","SSF","Lower middle income",2012,NA,NA,NA,NA,4.76692192815444
"GHA","Ghana","SSF","Lower middle income",2016,5.17262732746577,1.47956499458237,NA,NA,2.72589498093545
"GTM","Guatemala","LCN","Upper middle income",2006,NA,NA,NA,NA,3.26935103506568
"GTM","Guatemala","LCN","Upper middle income",2011,NA,NA,49.6814318741792,30.6477857551817,4.29346620827112
"GTM","Guatemala","LCN","Upper middle income",2014,NA,NA,30.0181192478298,20.4785617813603,2.23941877322441
"GIN","Guinea","SSF","Lower middle income",2012,1.28487735302024,1.7142901320881,NA,NA,1.2017658433395
"GIN","Guinea","SSF","Lower middle income",2018,NA,NA,NA,NA,0.759947501823076
"GNB","Guinea-Bissau","SSF","Low income",2018,NA,NA,NA,NA,2.25057856759623
"GNB","Guinea-Bissau","SSF","Low income",2021,5.79986803211861,5.4637555785969,NA,NA,1.06828517823792
"HND","Honduras","LCN","Lower middle income",2008,NA,NA,7.29803697441953,3.52385507164426,13.1214607143358
"HND","Honduras","LCN","Lower middle income",2009,NA,NA,58.035197541726,36.1211588313481,26.1743004246415
"HND","Honduras","LCN","Lower middle income",2010,NA,NA,3.70325699797785,2.4379376740484,3.8007475942698
"HND","Honduras","LCN","Lower middle income",2011,NA,NA,9.63741633727292,7.03939130916545,9.66776327950096
"HND","Honduras","LCN","Lower middle income",2013,NA,NA,16.0739625886906,10.1224680262662,13.2205489223252
"HND","Honduras","LCN","Lower middle income",2015,NA,NA,33.5080122880985,15.4981411247975,23.1491035211695
"HND","Honduras","LCN","Lower middle income",2016,NA,NA,16.0351040193409,7.28019234703323,11.7794807830212
"HND","Honduras","LCN","Lower middle income",2017,NA,NA,24.8986882751122,12.8061254827785,16.1395846769651
"HND","Honduras","LCN","Lower middle income",2018,NA,NA,27.7811856767174,13.9630101424179,13.9420083040778
"HND","Honduras","LCN","Lower middle income",2019,NA,NA,17.0432175687634,6.99179210023862,6.67653709444933
"HUN","Hungary","ECS","High income",2007,76.9378259445421,52.4424268833455,NA,NA,86.6597157349366
"IND","India","SAS","Lower middle income",2011,NA,NA,NA,NA,22.8455782954877
"IDN","Indonesia","EAS","Upper middle income",2015,38.9463585636445,20.2224660140588,NA,NA,38.1704460988792
"IDN","Indonesia","EAS","Upper middle income",2016,6.40866228391779,3.7177040446357,NA,NA,7.11547188347124
"IDN","Indonesia","EAS","Upper middle income",2017,NA,NA,14.6735403510868,6.55766860606239,3.99548590162223
"IDN","Indonesia","EAS","Upper middle income",2018,3.36898517061385,2.31930353428454,22.2724332115493,10.7581861708951,5.74863313587406
"IDN","Indonesia","EAS","Upper middle income",2019,2.03831058966163,1.96727544187687,26.1075736369815,14.1705135252679,7.80860175664651
"IDN","Indonesia","EAS","Upper middle income",2020,5.91699633285547,4.93559066798759,27.8849873169668,14.6218166891227,11.3906613128819
"IDN","Indonesia","EAS","Upper middle income",2021,23.8670484046952,22.2649390931335,27.8448776507407,15.3057156526582,17.3358337425596
"IDN","Indonesia","EAS","Upper middle income",2022,46.854039467714,35.0946644903415,29.6634564239007,17.4260997447684,26.9658931852442
"IRN","Iran, Islamic Rep.","MEA","Upper middle income",2017,93.6768166144754,91.4170356012358,NA,NA,41.7028919393366
"IRN","Iran, Islamic Rep.","MEA","Upper middle income",2018,93.8771543445648,90.7291442335524,NA,NA,38.0971034710538
"IRN","Iran, Islamic Rep.","MEA","Upper middle income",2019,94.5332013735173,90.6599360096382,NA,NA,35.0059570334026
"IRN","Iran, Islamic Rep.","MEA","Upper middle income",2020,89.7734259224147,89.875415722542,NA,NA,73.5817291866619
"IRQ","Iraq","MEA","Upper middle income",2006,83.1800720822614,75.9668971124368,NA,NA,35.4317800003932
"IRQ","Iraq","MEA","Upper middle income",2012,20.2648635746233,18.3375708983314,NA,NA,35.706111175846
"JAM","Jamaica","LCN","Upper middle income",2002,27.6206050695012,16.1336734026552,NA,NA,0.421704893577251
"JAM","Jamaica","LCN","Upper middle income",2010,NA,NA,44.4769140853302,24.0273274664196,16.4114729218637
"JAM","Jamaica","LCN","Upper middle income",2017,10.4331873775186,5.36706703457695,49.1024852293802,27.8508323643558,13.3493415552793
"JOR","Jordan","MEA","Lower middle income",2006,14.8107121312044,7.02352036651275,NA,NA,64.0993012038651
"JOR","Jordan","MEA","Lower middle income",2010,18.0425526812457,8.38907503624262,NA,NA,56.8457026345465
"KAZ","Kazakhstan","ECS","Upper middle income",2007,2.70382416307343,0.852690256259712,NA,NA,23.5371342196238
"KAZ","Kazakhstan","ECS","Upper middle income",2010,2.01338968137822,0.743593636023805,NA,NA,48.3582206804984
"KAZ","Kazakhstan","ECS","Upper middle income",2014,48.8271614783282,40.1949971697255,NA,NA,77.1312982649947
"KAZ","Kazakhstan","ECS","Upper middle income",2015,25.5074952586118,16.6369619696223,NA,NA,74.3377232221221
"KAZ","Kazakhstan","ECS","Upper middle income",2017,14.3536904028379,8.06137340563348,NA,NA,76.5209305521872
"KAZ","Kazakhstan","ECS","Upper middle income",2018,11.8256280013686,7.10584470734398,NA,NA,77.8130866845152
"KAZ","Kazakhstan","ECS","Upper middle income",2019,17.3819936023018,8.53557595242221,NA,NA,80.6880361473865
"KAZ","Kazakhstan","ECS","Upper middle income",2020,22.0889641013118,10.9269583584142,NA,NA,84.5325345618764
"KAZ","Kazakhstan","ECS","Upper middle income",2021,25.852533435955,12.9282352861247,NA,NA,83.1397670165403
"KEN","Kenya","SSF","Lower middle income",2005,24.3064550452564,12.3275245800705,NA,NA,7.40318707042196
"KEN","Kenya","SSF","Lower middle income",2015,3.42789057146547,1.73276120404316,NA,NA,3.63956901865299
"KIR","Kiribati","EAS","Lower middle income",2019,NA,NA,NA,NA,13.6645514797173
"XKX","Kosovo","ECS","Upper middle income",2006,14.8627772069954,6.04723705463412,NA,NA,43.1771248501676
"XKX","Kosovo","ECS","Upper middle income",2011,27.7844624489457,9.62122866386789,NA,NA,51.1506967338225
"XKX","Kosovo","ECS","Upper middle income",2012,25.5225238496213,9.52024236925927,NA,NA,42.5120398093867
"XKX","Kosovo","ECS","Upper middle income",2013,22.5951900354883,7.89680516164752,NA,NA,42.9453240059385
"XKX","Kosovo","ECS","Upper middle income",2017,19.5405940037114,7.23811472661762,NA,NA,63.3868106899274
"KGZ","Kyrgyz Republic","ECS","Lower middle income",2006,14.3201401603913,6.79087661718,NA,NA,47.2980362835497
"KGZ","Kyrgyz Republic","ECS","Lower middle income",2011,14.628840429841,7.01711603688633,NA,NA,69.3453074991709
"KGZ","Kyrgyz Republic","ECS","Lower middle income",2012,11.1151715216739,6.50162626065975,NA,NA,73.0099814482973
"KGZ","Kyrgyz Republic","ECS","Lower middle income",2013,12.7318087621926,6.51217667323292,NA,NA,74.9179429472352
"KGZ","Kyrgyz Republic","ECS","Lower middle income",2014,15.9176856587261,7.64070758651239,NA,NA,76.7135735132295
"KGZ","Kyrgyz Republic","ECS","Lower middle income",2015,11.3181439323431,7.2776628677494,NA,NA,75.188794413507
"KGZ","Kyrgyz Republic","ECS","Lower middle income",2016,10.9333952238769,7.63359345496274,NA,NA,76.9763850501006
"KGZ","Kyrgyz Republic","ECS","Lower middle income",2017,10.566654734676,7.6193038912769,NA,NA,77.9830406553136
"KGZ","Kyrgyz Republic","ECS","Lower middle income",2018,11.8576766507221,7.46478259259382,NA,NA,79.6394427859832
"KGZ","Kyrgyz Republic","ECS","Lower middle income",2019,12.7088556966128,7.4133241531336,NA,NA,79.3795088588528
"KGZ","Kyrgyz Republic","ECS","Lower middle income",2020,13.3506361701698,7.71692921219424,NA,NA,79.5695728847479
"LAO","Lao PDR","EAS","Lower middle income",2007,NA,NA,NA,NA,4.22049424121894
"LAO","Lao PDR","EAS","Lower middle income",2018,NA,NA,NA,NA,10.9710096714252
"LVA","Latvia","ECS","High income",2008,34.7721680087556,33.4332357928637,NA,NA,71.5137485850431
"LVA","Latvia","ECS","High income",2009,60.7884306404325,45.9007353206044,NA,NA,76.5122348246305
"LSO","Lesotho","SSF","Lower middle income",2017,19.6458589337092,11.8514907584959,NA,NA,52.5734406874405
"LBR","Liberia","SSF","Low income",2014,NA,NA,NA,NA,2.35178665314279
"LBR","Liberia","SSF","Low income",2016,2.63022383933185,1.25887474548618,NA,NA,4.19566675523763
"LTU","Lithuania","ECS","High income",2008,62.4889301479879,51.9721552105927,NA,NA,78.6285767332954
"MWI","Malawi","SSF","Low income",2004,NA,NA,NA,NA,1.82601834182608
"MWI","Malawi","SSF","Low income",2010,NA,NA,NA,NA,0.569349472140319
"MWI","Malawi","SSF","Low income",2013,NA,NA,NA,NA,2.52541928413491
"MWI","Malawi","SSF","Low income",2016,3.22329205859835,2.11924991926423,NA,NA,5.0548964155407
"MWI","Malawi","SSF","Low income",2019,6.92442030008936,4.9549145599624,NA,NA,6.57204348108823
"MYS","Malaysia","EAS","Upper middle income",2008,93.5519975919272,82.6636986186035,NA,NA,21.9663770399304
"MYS","Malaysia","EAS","Upper middle income",2012,90.6972482154045,56.3799138869108,NA,NA,5.63670971923019
"MYS","Malaysia","EAS","Upper middle income",2014,94.9620947359867,70.8515572061449,NA,NA,26.9074337263213
"MYS","Malaysia","EAS","Upper middle income",2016,93.9217143247592,66.9554855625788,NA,NA,28.5860864050269
"MDV","Maldives","SAS","Upper middle income",2004,NA,NA,NA,NA,2.10619839872501
"MDV","Maldives","SAS","Upper middle income",2009,24.6686660868789,23.145561078046,NA,NA,44.7674870013393
"MDV","Maldives","SAS","Upper middle income",2016,NA,NA,4.13980646628535,1.92292787050281,35.0430631132735
"MDV","Maldives","SAS","Upper middle income",2019,NA,NA,5.79555880053478,4.14432706294466,41.1729476135269
"MLI","Mali","SSF","Low income",2009,NA,NA,NA,NA,1.19730365993006
"MLI","Mali","SSF","Low income",2018,2.80422339005351,2.08312153811366,NA,NA,2.94419165770705
"MLI","Mali","SSF","Low income",2021,12.0314913510739,9.83964803397621,NA,NA,6.7712981337566
"MHL","Marshall Islands","EAS","Upper middle income",1999,NA,NA,NA,NA,0.960783553450082
"MHL","Marshall Islands","EAS","Upper middle income",2019,NA,NA,NA,NA,62.6696750869254
"MRT","Mauritania","SSF","Lower middle income",2008,NA,NA,NA,NA,41.49842064301
"MUS","Mauritius","SSF","Upper middle income",2006,7.3781493788848,2.60600435471558,NA,NA,56.2347034976361
"MUS","Mauritius","SSF","Upper middle income",2012,8.84500875264222,3.84989102606457,NA,NA,70.774668125932
"MUS","Mauritius","SSF","Upper middle income",2017,9.69182233497518,3.28580543215878,NA,NA,72.4706932987239
"MEX","Mexico","LCN","Upper middle income",2008,NA,NA,22.3085409471762,9.70429506473936,26.7100462291234
"MEX","Mexico","LCN","Upper middle income",2010,2.78619912580312,1.46394082488744,44.8458941108512,20.3676077682076,41.598837454751
"MEX","Mexico","LCN","Upper middle income",2012,1.82811521767188,1.08771777139371,58.5467888937441,24.2264697774266,38.9205459795765
"MEX","Mexico","LCN","Upper middle income",2014,2.40299911002196,1.29245066090086,47.6045765912998,21.6284439646525,31.1025815500472
"MEX","Mexico","LCN","Upper middle income",2016,2.63265691449767,1.58009332898363,50.4743268423139,22.166255229731,42.1819128735943
"MEX","Mexico","LCN","Upper middle income",2018,0.927514251271946,0.666969261674034,48.7979541229273,22.2139126771562,37.7395181936047
"MEX","Mexico","LCN","Upper middle income",2020,0.107095085410851,0.0931494214274022,26.5508126017617,16.4546404102645,37.4863356992154
"MEX","Mexico","LCN","Upper middle income",2022,NA,NA,31.3798986141057,17.3633385324968,39.9949931232135
"FSM","Micronesia, Fed. Sts.","EAS","Lower middle income",2000,4.61594127985113,6.25432892601284,NA,NA,31.8710254850573
"MDA","Moldova","ECS","Upper middle income",2010,21.3036199627944,11.8671116307295,NA,NA,72.0161110461641
"MDA","Moldova","ECS","Upper middle income",2012,24.6432943842956,13.5676443179618,NA,NA,74.9467088859248
"MDA","Moldova","ECS","Upper middle income",2013,21.0028712432503,12.5169819741246,NA,NA,76.0809872246766
"MDA","Moldova","ECS","Upper middle income",2017,27.9864891232373,15.5662726394775,NA,NA,81.1338952712827
"MDA","Moldova","ECS","Upper middle income",2018,30.4559949157491,16.6536030014459,NA,NA,85.4826833056897
"MNG","Mongolia","EAS","Upper middle income",2007,91.3695088708727,81.3878841505728,NA,NA,65.810332636461
"MNG","Mongolia","EAS","Upper middle income",2009,92.4669139862251,82.2014178249485,NA,NA,70.6909148212685
"MNG","Mongolia","EAS","Upper middle income",2010,87.9410570590273,86.2184437449824,NA,NA,64.2564985536857
"MNG","Mongolia","EAS","Upper middle income",2011,97.8078222724042,98.651155809448,NA,NA,72.8538950810972
"MNG","Mongolia","EAS","Upper middle income",2012,99.7684529944131,99.7858752821508,NA,NA,72.4614756376468
"MNG","Mongolia","EAS","Upper middle income",2014,95.0830606903376,82.9032226366066,NA,NA,66.215508353627
"MNG","Mongolia","EAS","Upper middle income",2016,96.7066865338124,85.2399082945445,NA,NA,73.3109132622278
"MNG","Mongolia","EAS","Upper middle income",2018,96.3105723583857,83.7780022142493,NA,NA,73.4913633871001
"MNG","Mongolia","EAS","Upper middle income",2020,98.3519765153068,83.4465931480339,NA,NA,80.5911855621355
"MNE","Montenegro","ECS","Upper middle income",2011,NA,NA,NA,NA,78.8000105311308
"MNE","Montenegro","ECS","Upper middle income",2012,19.236473972474,7.06175244433042,NA,NA,76.2983292783336
"MNE","Montenegro","ECS","Upper middle income",2013,27.1336928226781,9.56737837333664,NA,NA,77.754010061176
"MNE","Montenegro","ECS","Upper middle income",2014,21.8031858236218,6.49375204954155,NA,NA,81.7147752310935
"MOZ","Mozambique","SSF","Low income",2008,7.67953432119163,5.17386062885989,NA,NA,6.82254905039501
"MOZ","Mozambique","SSF","Low income",2014,1.56771274550336,1.58029112385652,NA,NA,9.32591285912044
"MOZ","Mozambique","SSF","Low income",2019,3.6873373157815,2.40067348891014,NA,NA,5.54022237971115
"MMR","Myanmar","EAS","Lower middle income",2017,10.3804112290422,8.72516083441629,NA,NA,7.28371878588178
"NAM","Namibia","SSF","Upper middle income",2015,25.9698553709777,18.2542297798397,NA,NA,35.699793205958
"NPL","Nepal","SAS","Lower middle income",2010,2.33531618191546,2.14902011840385,NA,NA,13.2829165631423
"NIC","Nicaragua","LCN","Lower middle income",2005,NA,NA,NA,NA,11.2549819068029
"NIC","Nicaragua","LCN","Lower middle income",2009,NA,NA,8.34765028422393,3.86822407698155,5.07760713189857
"NIC","Nicaragua","LCN","Lower middle income",2014,NA,NA,NA,NA,7.35981749391083
"NER","Niger","SSF","Low income",2011,2.57620503769686,2.73622202437838,NA,NA,1.14361957948177
"NER","Niger","SSF","Low income",2014,4.03503882202045,4.03786399286628,NA,NA,1.75659532691243
"NER","Niger","SSF","Low income",2018,NA,NA,NA,NA,0.830862202540605
"NER","Niger","SSF","Low income",2021,7.31475088009352,7.13959761929212,NA,NA,0.951645303893037
"NGA","Nigeria","SSF","Lower middle income",2012,NA,NA,NA,NA,0.579203903334336
"NGA","Nigeria","SSF","Lower middle income",2015,NA,NA,NA,NA,6.9739865977741
"NGA","Nigeria","SSF","Lower middle income",2018,1.29702144135265,0.998666965498135,NA,NA,7.92993502569339
"PAK","Pakistan","SAS","Lower middle income",2007,1.14358362344597,2.59801245177306,NA,NA,15.2191972635488
"PAK","Pakistan","SAS","Lower middle income",2009,11.6895433539078,10.9971871600799,NA,NA,19.6758000005774
"PAK","Pakistan","SAS","Lower middle income",2013,19.7029894250613,11.1955738186767,NA,NA,16.2339293993316
"PAK","Pakistan","SAS","Lower middle income",2015,21.1084136975792,10.3594673999368,NA,NA,18.7774578517564
"PAK","Pakistan","SAS","Lower middle income",2018,20.5367190605854,9.98107672145174,NA,NA,25.0134363207076
"PLW","Palau","EAS","High income",2006,NA,NA,NA,NA,39.5138112127629
"PAN","Panama","LCN","High income",2008,2.4024734735737,3.75601442007181,27.1197626047934,8.76896995333827,16.2740469823893
"PAN","Panama","LCN","High income",2009,NA,NA,31.6295536868753,9.72823930391317,33.6043871148884
"PAN","Panama","LCN","High income",2010,NA,NA,35.1313248513083,13.7167328660152,33.4150112775698
"PAN","Panama","LCN","High income",2011,NA,NA,32.0244656753808,8.85429854270434,32.0794651655239
"PAN","Panama","LCN","High income",2012,NA,NA,32.0406301247776,9.07840248831479,29.4537467742118
"PAN","Panama","LCN","High income",2013,NA,NA,35.0371214534767,9.9561207408713,30.9277793371617
"PAN","Panama","LCN","High income",2014,NA,NA,32.9194698623508,9.02433319381825,29.5303959364195
"PAN","Panama","LCN","High income",2015,NA,NA,35.9461068814379,8.82484201163152,38.5153181737017
"PAN","Panama","LCN","High income",2016,NA,NA,36.0932074870295,9.26145106082642,38.1118214848183
"PAN","Panama","LCN","High income",2017,NA,NA,30.598927134118,7.86553811926579,39.5870071293986
"PAN","Panama","LCN","High income",2018,NA,NA,27.4813576985967,6.62108212691863,37.9479957296687
"PAN","Panama","LCN","High income",2019,NA,NA,25.6224513054961,6.18546852932355,37.4600735927462
"PAN","Panama","LCN","High income",2021,49.2944803328188,47.6295201437096,25.0610001765497,6.04333894143058,53.051479207806
"PAN","Panama","LCN","High income",2023,11.7160921983394,10.8273507623306,23.5390127081638,5.63912133545737,40.7843365972341
"PNG","Papua New Guinea","EAS","Lower middle income",2009,1.85499843560049,3.10633322006396,NA,NA,0.0332404523918668
"PRY","Paraguay","LCN","Upper middle income",2007,NA,NA,NA,NA,2.86883754535569
"PRY","Paraguay","LCN","Upper middle income",2008,NA,NA,7.90695371709528,6.43808005809687,11.1155954490694
"PRY","Paraguay","LCN","Upper middle income",2009,NA,NA,8.21891870083034,2.94760524645619,7.2644376286243
"PRY","Paraguay","LCN","Upper middle income",2010,NA,NA,13.4054055752062,4.55479012719744,6.53803971222244
"PRY","Paraguay","LCN","Upper middle income",2011,NA,NA,6.03205984792815,2.62853918744657,7.37761957363003
"PRY","Paraguay","LCN","Upper middle income",2012,NA,NA,22.6597737949241,6.54935956105866,8.79027397280575
"PRY","Paraguay","LCN","Upper middle income",2013,NA,NA,13.132516879977,4.7209650858572,9.72958753738812
"PRY","Paraguay","LCN","Upper middle income",2014,NA,NA,19.5694995882143,6.74529209369134,11.1167846212766
"PRY","Paraguay","LCN","Upper middle income",2015,NA,NA,26.5002048575336,8.21218484136255,15.4921416414761
"PRY","Paraguay","LCN","Upper middle income",2016,NA,NA,30.9303390397769,10.2685527418114,15.9766058937501
"PRY","Paraguay","LCN","Upper middle income",2017,NA,NA,31.7709807671717,10.6760449170891,18.8097781732984
"PRY","Paraguay","LCN","Upper middle income",2018,NA,NA,31.1435987590786,11.1234707003027,35.7052706365923
"PRY","Paraguay","LCN","Upper middle income",2019,NA,NA,28.6349966155525,10.5507331146301,37.0597309849413
"PRY","Paraguay","LCN","Upper middle income",2020,57.7092452244639,53.2961115989331,26.3436307695764,11.1808273715939,29.0812082593876
"PRY","Paraguay","LCN","Upper middle income",2021,NA,NA,23.5968171528425,9.1122335276326,23.7627280326145
"PRY","Paraguay","LCN","Upper middle income",2022,NA,NA,23.3096288577889,8.96468582528834,21.7194781515841
"PER","Peru","LCN","Upper middle income",2008,NA,NA,29.8420930062808,9.18037974526419,11.4718117897071
"PER","Peru","LCN","Upper middle income",2009,NA,NA,29.6938196744297,9.76045368047786,12.2171004426584
"PER","Peru","LCN","Upper middle income",2010,NA,NA,25.6414652052269,8.24232898678982,11.3747043111997
"PER","Peru","LCN","Upper middle income",2011,NA,NA,29.2581060577907,8.35458313169291,10.0496399489104
"PER","Peru","LCN","Upper middle income",2012,NA,NA,29.0561404761055,8.238051713591,9.83373492777569
"PER","Peru","LCN","Upper middle income",2013,NA,NA,35.7037434461088,10.9951999776496,10.3065815775683
"PER","Peru","LCN","Upper middle income",2014,NA,NA,38.0099260859567,12.0002153064111,10.4771804371822
"PER","Peru","LCN","Upper middle income",2015,NA,NA,42.8327636455902,14.0751317608911,16.7962201995228
"PER","Peru","LCN","Upper middle income",2016,NA,NA,40.9703419795195,13.6232993179738,16.9644226101925
"PER","Peru","LCN","Upper middle income",2017,NA,NA,40.4687436249195,13.0617221777429,17.0587362904664
"PER","Peru","LCN","Upper middle income",2018,10.5993212723959,4.62600775742746,39.1495544350734,12.5664050768508,18.4019514504501
"PER","Peru","LCN","Upper middle income",2019,0.824306377828492,0.456238759420005,36.8414318194157,11.6657966905854,17.2223385129069
"PER","Peru","LCN","Upper middle income",2020,77.3639707748343,66.7331169545708,32.2699926042832,14.5950307633379,30.7185200007772
"PER","Peru","LCN","Upper middle income",2021,84.9004511101612,75.0202783438307,32.1817028232804,14.1325556462338,30.4292083424137
"PER","Peru","LCN","Upper middle income",2022,75.2258471752064,57.9842978627102,29.7700020720534,12.3844084903846,24.2278623624549
"PHL","Philippines","EAS","Lower middle income",2006,NA,NA,NA,NA,4.4508090823948
"PHL","Philippines","EAS","Lower middle income",2013,2.33745285882419,1.49375624991125,50.7538120926525,20.9738469391958,35.2178849010145
"PHL","Philippines","EAS","Lower middle income",2015,NA,NA,56.9440528150921,26.1970415285498,16.4708832542537
"PHL","Philippines","EAS","Lower middle income",2018,NA,NA,47.2279606237967,23.2209666936538,35.7875538241103
"POL","Poland","ECS","High income",2005,60.297674444488,28.6397603622364,NA,NA,85.5523039139223
"POL","Poland","ECS","High income",2006,58.3938372258855,26.7983024662543,NA,NA,85.3510527075258
"POL","Poland","ECS","High income",2007,56.2999645409727,25.8052343160139,NA,NA,84.5730189294411
"POL","Poland","ECS","High income",2008,52.0062388165005,22.8936896521628,NA,NA,84.0833308420479
"POL","Poland","ECS","High income",2009,49.9849255235348,21.0921929831068,NA,NA,84.2573630410318
"POL","Poland","ECS","High income",2010,48.8884361334779,19.369797969846,NA,NA,84.3496455822105
"POL","Poland","ECS","High income",2011,47.6542751284201,18.6127833409743,NA,NA,84.2909681897752
"POL","Poland","ECS","High income",2012,46.9620580143857,18.1381645132413,NA,NA,84.3768016571802
"POL","Poland","ECS","High income",2015,41.0090429892689,15.6490312634485,NA,NA,84.9282707887725
"POL","Poland","ECS","High income",2016,38.1670825645903,16.7190602631108,NA,NA,85.1638276877532
"POL","Poland","ECS","High income",2017,44.4258022467003,23.2423261777038,NA,NA,84.2814240940345
"POL","Poland","ECS","High income",2019,66.8165382136408,46.2929701181617,NA,NA,88.8005635189753
"ROU","Romania","ECS","High income",2008,76.7778352768807,51.9132550634763,NA,NA,82.7358429567728
"ROU","Romania","ECS","High income",2011,79.1560397408111,52.4256113726615,NA,NA,85.3585674534522
"ROU","Romania","ECS","High income",2012,79.1079326904824,52.5757032377028,NA,NA,84.5066344015628
"ROU","Romania","ECS","High income",2016,79.6442617910717,51.1152184145082,NA,NA,84.6103550464881
"ROU","Romania","ECS","High income",2019,75.1745652355734,51.28820675049,NA,NA,84.4614673343991
"ROU","Romania","ECS","High income",2020,75.3292740995203,50.690810655604,NA,NA,85.3811696398114
"ROU","Romania","ECS","High income",2021,75.643982484694,49.9598038967399,NA,NA,85.4256000249132
"RUS","Russian Federation","ECS","High income",2014,63.9811395874638,57.6682032247258,NA,NA,66.0602430099991
"RUS","Russian Federation","ECS","High income",2015,64.1782715584875,57.6725047256713,NA,NA,64.9392380034958
"RUS","Russian Federation","ECS","High income",2016,68.7783506136894,59.0627124268909,NA,NA,64.1628402443898
"RUS","Russian Federation","ECS","High income",2017,67.6425897384404,57.1583164926036,NA,NA,72.2991977527881
"RWA","Rwanda","SSF","Low income",2005,NA,NA,NA,NA,0.722560071399302
"RWA","Rwanda","SSF","Low income",2010,0.886730204408935,0.758469611342089,NA,NA,4.46819366414242
"RWA","Rwanda","SSF","Low income",2013,1.53222588247458,1.09349768150647,NA,NA,10.0119049676578
"WSM","Samoa","EAS","Lower middle income",2008,NA,NA,NA,NA,39.8124592228929
"SEN","Senegal","SSF","Lower middle income",2011,NA,NA,NA,NA,4.6675223281597
"SEN","Senegal","SSF","Lower middle income",2018,26.472240606251,15.9915044839026,NA,NA,3.67632242595619
"SEN","Senegal","SSF","Lower middle income",2021,16.1054577516089,11.6903772404202,25.6907182238654,14.1811178960877,3.34828522678653
"SRB","Serbia","ECS","Upper middle income",2007,21.3034022594197,10.3593113109206,NA,NA,77.4854158221147
"SRB","Serbia","ECS","Upper middle income",2010,24.8635968820722,10.3547916548999,NA,NA,82.0732289851512
"SRB","Serbia","ECS","Upper middle income",2013,25.8268241305248,10.956696620552,NA,NA,81.2863139078992
"SRB","Serbia","ECS","Upper middle income",2015,26.9667130765946,11.6021284919955,NA,NA,82.4163811934872
"SRB","Serbia","ECS","Upper middle income",2018,21.217564494101,7.99663414601813,NA,NA,83.8566960712459
"SRB","Serbia","ECS","Upper middle income",2019,19.4873089556197,7.62101221283407,NA,NA,81.9457398464587
"SRB","Serbia","ECS","Upper middle income",2021,13.4706242332255,5.62929216089887,NA,NA,82.5299876539911
"SRB","Serbia","ECS","Upper middle income",2022,12.2117074667707,4.76830049960559,NA,NA,80.4781074642466
"SLE","Sierra Leone","SSF","Low income",2018,7.71433471717453,6.9407516814259,NA,NA,2.40237711040902
"SVK","Slovak Republic","ECS","High income",2009,85.9847355645823,57.2526478330392,NA,NA,78.994972696916
"SLB","Solomon Islands","EAS","Lower middle income",2005,1.10697292212998,1.66450777565671,NA,NA,3.55237237501186
"ZAF","South Africa","SSF","Upper middle income",2005,71.8156350104486,43.2043083367881,NA,NA,72.4308885409353
"ZAF","South Africa","SSF","Upper middle income",2010,74.0982312204546,44.9519556210778,NA,NA,66.8470035264637
"ZAF","South Africa","SSF","Upper middle income",2014,82.6229669052228,51.9784111882205,NA,NA,74.1601489595039
"ZAF","South Africa","SSF","Upper middle income",2016,86.290195071701,57.3995099921168,NA,NA,13.5473971251643
"ZAF","South Africa","SSF","Upper middle income",2018,92.078813507002,56.9930707198488,NA,NA,11.4881909150695
"ZAF","South Africa","SSF","Upper middle income",2019,86.6431997739359,59.3512459599402,NA,NA,15.3591465166642
"ZAF","South Africa","SSF","Upper middle income",2020,89.4145578780304,62.0189939943027,NA,NA,8.51533719581011
"ZAF","South Africa","SSF","Upper middle income",2021,86.5419351970755,58.7984611920676,NA,NA,12.0199788814172
"SSD","South Sudan","SSF","Low income",2009,0.880968041919648,1.82425380022246,NA,NA,0.0934175786090869
"LKA","Sri Lanka","SAS","Lower middle income",2006,51.2278675613062,28.9322089271824,NA,NA,26.2802223859588
"LKA","Sri Lanka","SAS","Lower middle income",2009,43.6974304271218,22.7934290552775,NA,NA,24.1161831086727
"LKA","Sri Lanka","SAS","Lower middle income",2012,36.5984763518615,18.8463340618355,NA,NA,26.4905637395912
"LKA","Sri Lanka","SAS","Lower middle income",2016,37.3037565596761,19.0224167006033,NA,NA,33.9680622482222
"LKA","Sri Lanka","SAS","Lower middle income",2019,38.3215413082462,20.9884577735958,NA,NA,36.9696046153102
"SDN","Sudan","SSF","Low income",2009,2.44192484468786,1.28702726111963,NA,NA,0.070961357339045
"SYR","Syrian Arab Republic","MEA","Low income",2003,NA,NA,NA,NA,28.3975675404044
"STP","São Tomé and Príncipe","SSF","Lower middle income",2017,3.88559198924673,2.86245464845511,NA,NA,2.38528354428629
"TJK","Tajikistan","ECS","Lower middle income",2011,NA,NA,NA,NA,20.497109570336
"TZA","Tanzania","SSF","Lower middle income",2012,NA,NA,NA,NA,1.29804396643184
"TZA","Tanzania","SSF","Lower middle income",2014,NA,NA,NA,NA,1.70020886504205
"THA","Thailand","EAS","Upper middle income",2006,1.64167858696163,1.06731483155268,NA,NA,0.584343399687003
"THA","Thailand","EAS","Upper middle income",2009,1.44479662141788,1.16478705914576,NA,NA,25.4167827214861
"THA","Thailand","EAS","Upper middle income",2011,11.0239927771557,6.91382463024203,NA,NA,35.7433349571505
"THA","Thailand","EAS","Upper middle income",2013,4.77969333627874,3.07765007364337,NA,NA,34.7477022873158
"THA","Thailand","EAS","Upper middle income",2017,19.0062444563628,21.4992559692712,NA,NA,26.4932803993871
"THA","Thailand","EAS","Upper middle income",2019,75.5343452360479,53.2959547499145,NA,NA,29.1348252344591
"THA","Thailand","EAS","Upper middle income",2021,87.1710476716206,73.3762118309334,NA,NA,34.3231882718439
"TLS","Timor-Leste","EAS","Lower middle income",2007,NA,NA,NA,NA,17.836739311844
"TGO","Togo","SSF","Low income",2011,NA,NA,NA,NA,2.10229562847363
"TGO","Togo","SSF","Low income",2018,NA,NA,NA,NA,2.52321451209064
"TGO","Togo","SSF","Low income",2021,11.0318906542361,9.18033944216181,NA,NA,4.04574306127195
"TUN","Tunisia","MEA","Lower middle income",2010,11.7946128845215,8.32749176025391,NA,NA,1.73249089717865
"TUN","Tunisia","MEA","Lower middle income",2015,NA,NA,15.6825992906039,7.88530728778843,0.922430903019969
"TUN","Tunisia","MEA","Lower middle income",2021,NA,NA,16.2504366666357,8.59487658083251,1.68487929110347
"TUR","Türkiye","ECS","Upper middle income",2004,11.2429140593311,7.30253119856387,NA,NA,50.2188288927598
"TUR","Türkiye","ECS","Upper middle income",2005,3.4538955268246,1.51867591658378,NA,NA,50.2416060660858
"TUR","Türkiye","ECS","Upper middle income",2006,7.31131430609834,2.54321730741381,NA,NA,51.0442471152976
"TUR","Türkiye","ECS","Upper middle income",2007,10.8326140364084,3.12756915470069,NA,NA,50.8723036985927
"TUR","Türkiye","ECS","Upper middle income",2008,15.5576381437113,4.39032322647986,NA,NA,51.463796117505
"TUR","Türkiye","ECS","Upper middle income",2009,17.627264853137,5.45374273931661,NA,NA,51.6240953454439
"TUR","Türkiye","ECS","Upper middle income",2010,21.5719416315693,6.4623491227328,NA,NA,53.2960390309134
"TUR","Türkiye","ECS","Upper middle income",2011,21.7808177285221,6.44080584899098,NA,NA,54.7503961732278
"TUR","Türkiye","ECS","Upper middle income",2012,18.4569539197096,4.92473012532134,NA,NA,58.350782772426
"TUR","Türkiye","ECS","Upper middle income",2013,20.3271337304049,5.75839274686593,NA,NA,57.9992221296824
"TUR","Türkiye","ECS","Upper middle income",2014,20.6730285412645,5.8411827431614,NA,NA,59.7262360407683
"TUR","Türkiye","ECS","Upper middle income",2015,25.4985820373311,6.95271379210545,NA,NA,60.205638714052
"TUR","Türkiye","ECS","Upper middle income",2016,24.6297756528492,7.15562670303156,NA,NA,62.4258115461864
"TUR","Türkiye","ECS","Upper middle income",2017,24.0390491897417,7.18517995667648,NA,NA,64.5275081057495
"TUR","Türkiye","ECS","Upper middle income",2018,18.2322065752862,5.58447177617431,NA,NA,63.3433002764864
"TUR","Türkiye","ECS","Upper middle income",2019,18.8067609898253,5.18410032887242,NA,NA,62.9875847558178
"UGA","Uganda","SSF","Low income",2009,NA,NA,NA,NA,0.340234151788025
"UGA","Uganda","SSF","Low income",2012,0.96297096951782,1.53715580380417,NA,NA,1.10722705263151
"UGA","Uganda","SSF","Low income",2016,0.455521668352257,0.642201135484781,NA,NA,0.875879101107183
"UKR","Ukraine","ECS","Upper middle income",2006,29.1246627415022,16.1916778380502,NA,NA,80.0076039214349
"UKR","Ukraine","ECS","Upper middle income",2011,33.4477074606229,20.1880784460529,NA,NA,84.7061640199158
"UKR","Ukraine","ECS","Upper middle income",2012,32.5114838365393,20.3398598234924,NA,NA,86.5122105176497
"UKR","Ukraine","ECS","Upper middle income",2013,33.5665125809972,21.5439037679357,NA,NA,86.3116787656247
"UKR","Ukraine","ECS","Upper middle income",2015,36.1186901649983,23.0957182860421,NA,NA,81.2148871057342
"UKR","Ukraine","ECS","Upper middle income",2016,28.852094132156,22.0220332891859,NA,NA,75.5743311743634
"UKR","Ukraine","ECS","Upper middle income",2017,34.470442029912,22.1050772646099,NA,NA,82.3654370159191
"UKR","Ukraine","ECS","Upper middle income",2018,35.0392976987879,22.3686741093513,NA,NA,81.2734191567517
"UKR","Ukraine","ECS","Upper middle income",2019,NA,NA,NA,NA,79.3615448804589
"UKR","Ukraine","ECS","Upper middle income",2020,NA,NA,NA,NA,81.8125479960152
"URY","Uruguay","LCN","High income",2008,8.04770490083953,15.7658542497073,63.0070601788268,30.028852543725,60.3150225848819
"URY","Uruguay","LCN","High income",2009,6.16540955142752,15.0756378796169,79.5734911720551,38.6616337411248,52.7679731452407
"URY","Uruguay","LCN","High income",2010,6.93203993073603,14.8556408933774,81.3845664913286,39.6780781380061,55.0960024001092
"URY","Uruguay","LCN","High income",2011,5.39281126794027,14.6869571156639,80.4707349851132,36.4084479855557,52.786239253584
"URY","Uruguay","LCN","High income",2012,6.38259835866438,15.5225455697599,81.1787301727971,35.4410960879623,51.7716332604577
"URY","Uruguay","LCN","High income",2015,4.3677471103853,12.8972601119313,74.1426370366951,27.8001439100487,56.6777495870721
"URY","Uruguay","LCN","High income",2016,4.92858426481688,12.9528476910299,74.2101139345146,27.1754758658045,58.765252808885
"URY","Uruguay","LCN","High income",2017,4.13118284805169,11.9862525280353,75.0320410469081,27.406022380165,72.4215553988448
"URY","Uruguay","LCN","High income",2018,4.33743086573151,11.8562509378275,73.2835371638152,26.5278672418485,61.695306009218
"URY","Uruguay","LCN","High income",2019,4.16022571649201,12.1884829438929,74.1314849761726,26.2426628894701,74.541048906726
"URY","Uruguay","LCN","High income",2020,3.73091090857969,13.1668831399269,72.2732810942377,25.7349089747684,66.2300299713657
"URY","Uruguay","LCN","High income",2021,3.53646841823541,13.2900887813345,71.9932603724873,25.9808463668053,65.4134404298686
"URY","Uruguay","LCN","High income",2022,3.92923573865548,13.7770549765735,71.2610305144124,24.8072934005992,63.1511194302659
"UZB","Uzbekistan","ECS","Lower middle income",2018,8.69459895289409,4.96679872335337,NA,NA,48.666589276116
"VNM","Vietnam","EAS","Lower middle income",2006,2.80728076464923,1.91353587581782,NA,NA,30.8407328522927
"VNM","Vietnam","EAS","Lower middle income",2010,22.5827694859461,26.2144452398482,NA,NA,25.4032193098273
"VNM","Vietnam","EAS","Lower middle income",2012,46.0995611147021,15.959408611141,NA,NA,21.2011687077767
"VNM","Vietnam","EAS","Lower middle income",2014,39.1448072910001,12.4950288719894,NA,NA,21.3462508046
"VNM","Vietnam","EAS","Lower middle income",2018,20.497647904155,19.7014372168104,NA,NA,12.7187807663261
"VNM","Vietnam","EAS","Lower middle income",2020,82.1596875625609,85.7117408116216,NA,NA,49.2575315834218
"PSE","West Bank and Gaza","MEA","Lower middle income",2009,8.81197776960267,5.03189037557056,NA,NA,10.8384159614966
"PSE","West Bank and Gaza","MEA","Lower middle income",2016,45.8789143754883,21.1831366766673,NA,NA,5.71977040271286
"YEM","Yemen, Rep.","MEA","Low income",2005,11.0720385135024,8.40442577742252,NA,NA,13.3033737073757
"YEM","Yemen, Rep.","MEA","Low income",2014,42.2105758296723,34.6739429806573,NA,NA,21.6092919622314
"ZMB","Zambia","SSF","Lower middle income",2010,0.357073217843041,0.729851984965153,NA,NA,3.61112749335032
"ZMB","Zambia","SSF","Lower middle income",2015,0.619804191627166,1.4608717616904,NA,NA,0.059387053244114
"ZWE","Zimbabwe","SSF","Lower middle income",2017,0.421520242117395,0.439840295242242,NA,NA,14.8421451234211
"ZWE","Zimbabwe","SSF","Lower middle income",2019,NA,NA,NA,NA,37.7870597839355
